"period","archive_name","csv_file","column"
"2024-25","annual_tbo","Therapy Based Outcomes Table 1.csv","Count_1Therapy"
"2024-25","annual_tbo","Therapy Based Outcomes Table 1.csv","Count_2Therapies"
"2024-25","annual_tbo","Therapy Based Outcomes Table 1.csv","Count_3Therapies"
"2024-25","annual_tbo","Therapy Based Outcomes Table 1.csv","Count_4Therapies"
"2024-25","annual_tbo","Therapy Based Outcomes Table 1.csv","Therapy_Type"
"2024-25","annual_tbo","Therapy Based Outcomes Table 2.csv","Count_TherapyPosition1"
"2024-25","annual_tbo","Therapy Based Outcomes Table 2.csv","Count_TherapyPosition10"
"2024-25","annual_tbo","Therapy Based Outcomes Table 2.csv","Count_TherapyPosition2"
"2024-25","annual_tbo","Therapy Based Outcomes Table 2.csv","Count_TherapyPosition3"
"2024-25","annual_tbo","Therapy Based Outcomes Table 2.csv","Count_TherapyPosition4"
"2024-25","annual_tbo","Therapy Based Outcomes Table 2.csv","Count_TherapyPosition5"
"2024-25","annual_tbo","Therapy Based Outcomes Table 2.csv","Count_TherapyPosition6"
"2024-25","annual_tbo","Therapy Based Outcomes Table 2.csv","Count_TherapyPosition7"
"2024-25","annual_tbo","Therapy Based Outcomes Table 2.csv","Count_TherapyPosition8"
"2024-25","annual_tbo","Therapy Based Outcomes Table 2.csv","Count_TherapyPosition9"
"2024-25","annual_tbo","Therapy Based Outcomes Table 2.csv","OrganisationType"
"2024-25","annual_tbo","Therapy Based Outcomes Table 2.csv","TherapyType"
"2024-25","annual_tbo","Therapy Based Outcomes Table 3.csv","Count_Concurrent"
"2024-25","annual_tbo","Therapy Based Outcomes Table 3.csv","Count_Discrete"
"2024-25","annual_tbo","Therapy Based Outcomes Table 3.csv","OrganisationType"
"2024-25","annual_tbo","Therapy Based Outcomes Table 3.csv","Percentage_Concurrent"
"2024-25","annual_tbo","Therapy Based Outcomes Table 3.csv","Percentage_Discrete"
"2024-25","annual_tbo","Therapy Based Outcomes Table 3.csv","TherapyType"
"2024-25","annual_tbo","Therapy Based Outcomes Table 4-2.csv","Count_CoursesOfTherapy"
"2024-25","annual_tbo","Therapy Based Outcomes Table 4-2.csv","Count_NotCaseness"
"2024-25","annual_tbo","Therapy Based Outcomes Table 4-2.csv","Count_TherDeterioration"
"2024-25","annual_tbo","Therapy Based Outcomes Table 4-2.csv","Count_TherImprovement"
"2024-25","annual_tbo","Therapy Based Outcomes Table 4-2.csv","Count_TherNoChange"
"2024-25","annual_tbo","Therapy Based Outcomes Table 4-2.csv","Count_TherRecovery"
"2024-25","annual_tbo","Therapy Based Outcomes Table 4-2.csv","Count_TherRelRecovery"
"2024-25","annual_tbo","Therapy Based Outcomes Table 4-2.csv","Count_TotalFinishingCourseTreatment"
"2024-25","annual_tbo","Therapy Based Outcomes Table 4-2.csv","Diagnosis"
"2024-25","annual_tbo","Therapy Based Outcomes Table 4-2.csv","EffectGAD"
"2024-25","annual_tbo","Therapy Based Outcomes Table 4-2.csv","EffectPHQ"
"2024-25","annual_tbo","Therapy Based Outcomes Table 4-2.csv","EffectWSAS"
"2024-25","annual_tbo","Therapy Based Outcomes Table 4-2.csv","End_GAD_Mean"
"2024-25","annual_tbo","Therapy Based Outcomes Table 4-2.csv","End_GAD_StdDev"
"2024-25","annual_tbo","Therapy Based Outcomes Table 4-2.csv","End_PHQ_Mean"
"2024-25","annual_tbo","Therapy Based Outcomes Table 4-2.csv","End_PHQ_StdDev"
"2024-25","annual_tbo","Therapy Based Outcomes Table 4-2.csv","End_WSAS_Mean"
"2024-25","annual_tbo","Therapy Based Outcomes Table 4-2.csv","End_WSAS_StdDev"
"2024-25","annual_tbo","Therapy Based Outcomes Table 4-2.csv","OrganisationCode"
"2024-25","annual_tbo","Therapy Based Outcomes Table 4-2.csv","OrganisationName"
"2024-25","annual_tbo","Therapy Based Outcomes Table 4-2.csv","OrganisationType"
"2024-25","annual_tbo","Therapy Based Outcomes Table 4-2.csv","Percentage_TherDeterioration"
"2024-25","annual_tbo","Therapy Based Outcomes Table 4-2.csv","Percentage_TherImprovement"
"2024-25","annual_tbo","Therapy Based Outcomes Table 4-2.csv","Percentage_TherNoChange"
"2024-25","annual_tbo","Therapy Based Outcomes Table 4-2.csv","Percentage_TherRecovery"
"2024-25","annual_tbo","Therapy Based Outcomes Table 4-2.csv","Percentage_TherRelRecovery"
"2024-25","annual_tbo","Therapy Based Outcomes Table 4-2.csv","Start_GAD_Mean"
"2024-25","annual_tbo","Therapy Based Outcomes Table 4-2.csv","Start_GAD_StdDev"
"2024-25","annual_tbo","Therapy Based Outcomes Table 4-2.csv","Start_PHQ_Mean"
"2024-25","annual_tbo","Therapy Based Outcomes Table 4-2.csv","Start_PHQ_StdDev"
"2024-25","annual_tbo","Therapy Based Outcomes Table 4-2.csv","Start_WSAS_Mean"
"2024-25","annual_tbo","Therapy Based Outcomes Table 4-2.csv","Start_WSAS_StdDev"
"2024-25","annual_tbo","Therapy Based Outcomes Table 4-2.csv","TherapyType"
"2024-25","annual_tbo","Therapy Based Outcomes Table 5.csv","Probdesc"
"2024-25","annual_tbo","Therapy Based Outcomes Table 5.csv","arappts"
"2024-25","annual_tbo","Therapy Based Outcomes Table 5.csv","arcot"
"2024-25","annual_tbo","Therapy Based Outcomes Table 5.csv","armta"
"2024-25","annual_tbo","Therapy Based Outcomes Table 5.csv","bpdappts"
"2024-25","annual_tbo","Therapy Based Outcomes Table 5.csv","bpdcot"
"2024-25","annual_tbo","Therapy Based Outcomes Table 5.csv","bpdmta"
"2024-25","annual_tbo","Therapy Based Outcomes Table 5.csv","cbtappts"
"2024-25","annual_tbo","Therapy Based Outcomes Table 5.csv","cbtcot"
"2024-25","annual_tbo","Therapy Based Outcomes Table 5.csv","cbtmta"
"2024-25","annual_tbo","Therapy Based Outcomes Table 5.csv","collappts"
"2024-25","annual_tbo","Therapy Based Outcomes Table 5.csv","collcot"
"2024-25","annual_tbo","Therapy Based Outcomes Table 5.csv","collmta"
"2024-25","annual_tbo","Therapy Based Outcomes Table 5.csv","counappts"
"2024-25","annual_tbo","Therapy Based Outcomes Table 5.csv","councot"
"2024-25","annual_tbo","Therapy Based Outcomes Table 5.csv","counmta"
"2024-25","annual_tbo","Therapy Based Outcomes Table 5.csv","coupappts"
"2024-25","annual_tbo","Therapy Based Outcomes Table 5.csv","coupcot"
"2024-25","annual_tbo","Therapy Based Outcomes Table 5.csv","coupmta"
"2024-25","annual_tbo","Therapy Based Outcomes Table 5.csv","emdappts"
"2024-25","annual_tbo","Therapy Based Outcomes Table 5.csv","emdcot"
"2024-25","annual_tbo","Therapy Based Outcomes Table 5.csv","emdmta"
"2024-25","annual_tbo","Therapy Based Outcomes Table 5.csv","gshbappts"
"2024-25","annual_tbo","Therapy Based Outcomes Table 5.csv","gshbcot"
"2024-25","annual_tbo","Therapy Based Outcomes Table 5.csv","gshbmta"
"2024-25","annual_tbo","Therapy Based Outcomes Table 5.csv","gshcappts"
"2024-25","annual_tbo","Therapy Based Outcomes Table 5.csv","gshccot"
"2024-25","annual_tbo","Therapy Based Outcomes Table 5.csv","gshcmta"
"2024-25","annual_tbo","Therapy Based Outcomes Table 5.csv","iptappts"
"2024-25","annual_tbo","Therapy Based Outcomes Table 5.csv","iptcot"
"2024-25","annual_tbo","Therapy Based Outcomes Table 5.csv","iptmta"
"2024-25","annual_tbo","Therapy Based Outcomes Table 5.csv","mndappts"
"2024-25","annual_tbo","Therapy Based Outcomes Table 5.csv","mndcot"
"2024-25","annual_tbo","Therapy Based Outcomes Table 5.csv","mndmta"
"2024-25","annual_tbo","Therapy Based Outcomes Table 5.csv","ngshbappts"
"2024-25","annual_tbo","Therapy Based Outcomes Table 5.csv","ngshbcot"
"2024-25","annual_tbo","Therapy Based Outcomes Table 5.csv","ngshbmta"
"2024-25","annual_tbo","Therapy Based Outcomes Table 5.csv","ngshcappts"
"2024-25","annual_tbo","Therapy Based Outcomes Table 5.csv","ngshccot"
"2024-25","annual_tbo","Therapy Based Outcomes Table 5.csv","ngshcmta"
"2024-25","annual_tbo","Therapy Based Outcomes Table 5.csv","ppsappts"
"2024-25","annual_tbo","Therapy Based Outcomes Table 5.csv","ppscot"
"2024-25","annual_tbo","Therapy Based Outcomes Table 5.csv","ppsmta"
"2024-25","annual_tbo","Therapy Based Outcomes Table 5.csv","spaappts"
"2024-25","annual_tbo","Therapy Based Outcomes Table 5.csv","spacot"
"2024-25","annual_tbo","Therapy Based Outcomes Table 5.csv","spamta"
"2023-24","annual_tbo","Therapy Based Outcomes Table 1.csv","Count_1Therapy"
"2023-24","annual_tbo","Therapy Based Outcomes Table 1.csv","Count_2Therapies"
"2023-24","annual_tbo","Therapy Based Outcomes Table 1.csv","Count_3Therapies"
"2023-24","annual_tbo","Therapy Based Outcomes Table 1.csv","Count_4Therapies"
"2023-24","annual_tbo","Therapy Based Outcomes Table 1.csv","Therapy_Type"
"2023-24","annual_tbo","Therapy Based Outcomes Table 2.csv","Count_TherapyPosition1"
"2023-24","annual_tbo","Therapy Based Outcomes Table 2.csv","Count_TherapyPosition10"
"2023-24","annual_tbo","Therapy Based Outcomes Table 2.csv","Count_TherapyPosition2"
"2023-24","annual_tbo","Therapy Based Outcomes Table 2.csv","Count_TherapyPosition3"
"2023-24","annual_tbo","Therapy Based Outcomes Table 2.csv","Count_TherapyPosition4"
"2023-24","annual_tbo","Therapy Based Outcomes Table 2.csv","Count_TherapyPosition5"
"2023-24","annual_tbo","Therapy Based Outcomes Table 2.csv","Count_TherapyPosition6"
"2023-24","annual_tbo","Therapy Based Outcomes Table 2.csv","Count_TherapyPosition7"
"2023-24","annual_tbo","Therapy Based Outcomes Table 2.csv","Count_TherapyPosition8"
"2023-24","annual_tbo","Therapy Based Outcomes Table 2.csv","Count_TherapyPosition9"
"2023-24","annual_tbo","Therapy Based Outcomes Table 2.csv","OrganisationType"
"2023-24","annual_tbo","Therapy Based Outcomes Table 2.csv","TherapyType"
"2023-24","annual_tbo","Therapy Based Outcomes Table 3.csv","Count_Concurrent"
"2023-24","annual_tbo","Therapy Based Outcomes Table 3.csv","Count_Discrete"
"2023-24","annual_tbo","Therapy Based Outcomes Table 3.csv","OrganisationType"
"2023-24","annual_tbo","Therapy Based Outcomes Table 3.csv","Percentage_Concurrent"
"2023-24","annual_tbo","Therapy Based Outcomes Table 3.csv","Percentage_Discrete"
"2023-24","annual_tbo","Therapy Based Outcomes Table 3.csv","TherapyType"
"2023-24","annual_tbo","Therapy Based Outcomes Table 4.csv","Count_CoursesOfTherapy"
"2023-24","annual_tbo","Therapy Based Outcomes Table 4.csv","Count_NotCaseness"
"2023-24","annual_tbo","Therapy Based Outcomes Table 4.csv","Count_TherDeterioration"
"2023-24","annual_tbo","Therapy Based Outcomes Table 4.csv","Count_TherImprovement"
"2023-24","annual_tbo","Therapy Based Outcomes Table 4.csv","Count_TherNoChange"
"2023-24","annual_tbo","Therapy Based Outcomes Table 4.csv","Count_TherRecovery"
"2023-24","annual_tbo","Therapy Based Outcomes Table 4.csv","Count_TherRelRecovery"
"2023-24","annual_tbo","Therapy Based Outcomes Table 4.csv","Count_TotalFinishingCourseTreatment"
"2023-24","annual_tbo","Therapy Based Outcomes Table 4.csv","Diagnosis"
"2023-24","annual_tbo","Therapy Based Outcomes Table 4.csv","EffectGAD"
"2023-24","annual_tbo","Therapy Based Outcomes Table 4.csv","EffectPHQ"
"2023-24","annual_tbo","Therapy Based Outcomes Table 4.csv","EffectWSAS"
"2023-24","annual_tbo","Therapy Based Outcomes Table 4.csv","End_GAD_Mean"
"2023-24","annual_tbo","Therapy Based Outcomes Table 4.csv","End_GAD_StdDev"
"2023-24","annual_tbo","Therapy Based Outcomes Table 4.csv","End_PHQ_Mean"
"2023-24","annual_tbo","Therapy Based Outcomes Table 4.csv","End_PHQ_StdDev"
"2023-24","annual_tbo","Therapy Based Outcomes Table 4.csv","End_WSAS_Mean"
"2023-24","annual_tbo","Therapy Based Outcomes Table 4.csv","End_WSAS_StdDev"
"2023-24","annual_tbo","Therapy Based Outcomes Table 4.csv","OrganisationCode"
"2023-24","annual_tbo","Therapy Based Outcomes Table 4.csv","OrganisationName"
"2023-24","annual_tbo","Therapy Based Outcomes Table 4.csv","OrganisationType"
"2023-24","annual_tbo","Therapy Based Outcomes Table 4.csv","Percentage_TherDeterioration"
"2023-24","annual_tbo","Therapy Based Outcomes Table 4.csv","Percentage_TherImprovement"
"2023-24","annual_tbo","Therapy Based Outcomes Table 4.csv","Percentage_TherNoChange"
"2023-24","annual_tbo","Therapy Based Outcomes Table 4.csv","Percentage_TherRecovery"
"2023-24","annual_tbo","Therapy Based Outcomes Table 4.csv","Percentage_TherRelRecovery"
"2023-24","annual_tbo","Therapy Based Outcomes Table 4.csv","Start_GAD_Mean"
"2023-24","annual_tbo","Therapy Based Outcomes Table 4.csv","Start_GAD_StdDev"
"2023-24","annual_tbo","Therapy Based Outcomes Table 4.csv","Start_PHQ_Mean"
"2023-24","annual_tbo","Therapy Based Outcomes Table 4.csv","Start_PHQ_StdDev"
"2023-24","annual_tbo","Therapy Based Outcomes Table 4.csv","Start_WSAS_Mean"
"2023-24","annual_tbo","Therapy Based Outcomes Table 4.csv","Start_WSAS_StdDev"
"2023-24","annual_tbo","Therapy Based Outcomes Table 4.csv","TherapyType"
"2023-24","annual_tbo","Therapy Based Outcomes Table 5.csv","Probdesc"
"2023-24","annual_tbo","Therapy Based Outcomes Table 5.csv","arappts"
"2023-24","annual_tbo","Therapy Based Outcomes Table 5.csv","arcot"
"2023-24","annual_tbo","Therapy Based Outcomes Table 5.csv","armta"
"2023-24","annual_tbo","Therapy Based Outcomes Table 5.csv","bpdappts"
"2023-24","annual_tbo","Therapy Based Outcomes Table 5.csv","bpdcot"
"2023-24","annual_tbo","Therapy Based Outcomes Table 5.csv","bpdmta"
"2023-24","annual_tbo","Therapy Based Outcomes Table 5.csv","cbtappts"
"2023-24","annual_tbo","Therapy Based Outcomes Table 5.csv","cbtcot"
"2023-24","annual_tbo","Therapy Based Outcomes Table 5.csv","cbtmta"
"2023-24","annual_tbo","Therapy Based Outcomes Table 5.csv","collappts"
"2023-24","annual_tbo","Therapy Based Outcomes Table 5.csv","collcot"
"2023-24","annual_tbo","Therapy Based Outcomes Table 5.csv","collmta"
"2023-24","annual_tbo","Therapy Based Outcomes Table 5.csv","counappts"
"2023-24","annual_tbo","Therapy Based Outcomes Table 5.csv","councot"
"2023-24","annual_tbo","Therapy Based Outcomes Table 5.csv","counmta"
"2023-24","annual_tbo","Therapy Based Outcomes Table 5.csv","coupappts"
"2023-24","annual_tbo","Therapy Based Outcomes Table 5.csv","coupcot"
"2023-24","annual_tbo","Therapy Based Outcomes Table 5.csv","coupmta"
"2023-24","annual_tbo","Therapy Based Outcomes Table 5.csv","emdappts"
"2023-24","annual_tbo","Therapy Based Outcomes Table 5.csv","emdcot"
"2023-24","annual_tbo","Therapy Based Outcomes Table 5.csv","emdmta"
"2023-24","annual_tbo","Therapy Based Outcomes Table 5.csv","gshbappts"
"2023-24","annual_tbo","Therapy Based Outcomes Table 5.csv","gshbcot"
"2023-24","annual_tbo","Therapy Based Outcomes Table 5.csv","gshbmta"
"2023-24","annual_tbo","Therapy Based Outcomes Table 5.csv","gshcappts"
"2023-24","annual_tbo","Therapy Based Outcomes Table 5.csv","gshccot"
"2023-24","annual_tbo","Therapy Based Outcomes Table 5.csv","gshcmta"
"2023-24","annual_tbo","Therapy Based Outcomes Table 5.csv","iptappts"
"2023-24","annual_tbo","Therapy Based Outcomes Table 5.csv","iptcot"
"2023-24","annual_tbo","Therapy Based Outcomes Table 5.csv","iptmta"
"2023-24","annual_tbo","Therapy Based Outcomes Table 5.csv","mndappts"
"2023-24","annual_tbo","Therapy Based Outcomes Table 5.csv","mndcot"
"2023-24","annual_tbo","Therapy Based Outcomes Table 5.csv","mndmta"
"2023-24","annual_tbo","Therapy Based Outcomes Table 5.csv","ngshbappts"
"2023-24","annual_tbo","Therapy Based Outcomes Table 5.csv","ngshbcot"
"2023-24","annual_tbo","Therapy Based Outcomes Table 5.csv","ngshbmta"
"2023-24","annual_tbo","Therapy Based Outcomes Table 5.csv","ngshcappts"
"2023-24","annual_tbo","Therapy Based Outcomes Table 5.csv","ngshccot"
"2023-24","annual_tbo","Therapy Based Outcomes Table 5.csv","ngshcmta"
"2023-24","annual_tbo","Therapy Based Outcomes Table 5.csv","ppsappts"
"2023-24","annual_tbo","Therapy Based Outcomes Table 5.csv","ppscot"
"2023-24","annual_tbo","Therapy Based Outcomes Table 5.csv","ppsmta"
"2023-24","annual_tbo","Therapy Based Outcomes Table 5.csv","spaappts"
"2023-24","annual_tbo","Therapy Based Outcomes Table 5.csv","spacot"
"2023-24","annual_tbo","Therapy Based Outcomes Table 5.csv","spamta"
"2022-23","annual_tbo","Table1.csv","Count_1Therapy"
"2022-23","annual_tbo","Table1.csv","Count_2Therapies"
"2022-23","annual_tbo","Table1.csv","Count_3Therapies"
"2022-23","annual_tbo","Table1.csv","Count_4Therapies"
"2022-23","annual_tbo","Table1.csv","Therapy_Type"
"2022-23","annual_tbo","Table2.csv","Count_TherapyPosition1"
"2022-23","annual_tbo","Table2.csv","Count_TherapyPosition10"
"2022-23","annual_tbo","Table2.csv","Count_TherapyPosition2"
"2022-23","annual_tbo","Table2.csv","Count_TherapyPosition3"
"2022-23","annual_tbo","Table2.csv","Count_TherapyPosition4"
"2022-23","annual_tbo","Table2.csv","Count_TherapyPosition5"
"2022-23","annual_tbo","Table2.csv","Count_TherapyPosition6"
"2022-23","annual_tbo","Table2.csv","Count_TherapyPosition7"
"2022-23","annual_tbo","Table2.csv","Count_TherapyPosition8"
"2022-23","annual_tbo","Table2.csv","Count_TherapyPosition9"
"2022-23","annual_tbo","Table2.csv","OrganisationType"
"2022-23","annual_tbo","Table2.csv","TherapyType"
"2022-23","annual_tbo","Table3.csv","Count_Concurrent"
"2022-23","annual_tbo","Table3.csv","Count_Discrete"
"2022-23","annual_tbo","Table3.csv","OrganisationType"
"2022-23","annual_tbo","Table3.csv","Percentage_Concurrent"
"2022-23","annual_tbo","Table3.csv","Percentage_Discrete"
"2022-23","annual_tbo","Table3.csv","TherapyType"
"2022-23","annual_tbo","Table4_AllTherapies.csv","Count_CoursesOfTherapy"
"2022-23","annual_tbo","Table4_AllTherapies.csv","Count_NotCaseness"
"2022-23","annual_tbo","Table4_AllTherapies.csv","Count_TherDeterioration"
"2022-23","annual_tbo","Table4_AllTherapies.csv","Count_TherImprovement"
"2022-23","annual_tbo","Table4_AllTherapies.csv","Count_TherNoChange"
"2022-23","annual_tbo","Table4_AllTherapies.csv","Count_TherRecovery"
"2022-23","annual_tbo","Table4_AllTherapies.csv","Count_TherRelRecovery"
"2022-23","annual_tbo","Table4_AllTherapies.csv","Count_TotalFinishingCourseTreatment"
"2022-23","annual_tbo","Table4_AllTherapies.csv","Diagnosis"
"2022-23","annual_tbo","Table4_AllTherapies.csv","EffectGAD"
"2022-23","annual_tbo","Table4_AllTherapies.csv","EffectPHQ"
"2022-23","annual_tbo","Table4_AllTherapies.csv","EffectWSAS"
"2022-23","annual_tbo","Table4_AllTherapies.csv","End_GAD_Mean"
"2022-23","annual_tbo","Table4_AllTherapies.csv","End_GAD_StdDev"
"2022-23","annual_tbo","Table4_AllTherapies.csv","End_PHQ_Mean"
"2022-23","annual_tbo","Table4_AllTherapies.csv","End_PHQ_StdDev"
"2022-23","annual_tbo","Table4_AllTherapies.csv","End_WSAS_Mean"
"2022-23","annual_tbo","Table4_AllTherapies.csv","End_WSAS_StdDev"
"2022-23","annual_tbo","Table4_AllTherapies.csv","OrganisationCode"
"2022-23","annual_tbo","Table4_AllTherapies.csv","OrganisationName"
"2022-23","annual_tbo","Table4_AllTherapies.csv","OrganisationType"
"2022-23","annual_tbo","Table4_AllTherapies.csv","Percentage_TherDeterioration"
"2022-23","annual_tbo","Table4_AllTherapies.csv","Percentage_TherImprovement"
"2022-23","annual_tbo","Table4_AllTherapies.csv","Percentage_TherNoChange"
"2022-23","annual_tbo","Table4_AllTherapies.csv","Percentage_TherRecovery"
"2022-23","annual_tbo","Table4_AllTherapies.csv","Percentage_TherRelRecovery"
"2022-23","annual_tbo","Table4_AllTherapies.csv","Start_GAD_Mean"
"2022-23","annual_tbo","Table4_AllTherapies.csv","Start_GAD_StdDev"
"2022-23","annual_tbo","Table4_AllTherapies.csv","Start_PHQ_Mean"
"2022-23","annual_tbo","Table4_AllTherapies.csv","Start_PHQ_StdDev"
"2022-23","annual_tbo","Table4_AllTherapies.csv","Start_WSAS_Mean"
"2022-23","annual_tbo","Table4_AllTherapies.csv","Start_WSAS_StdDev"
"2022-23","annual_tbo","Table4_AllTherapies.csv","TherapyType"
"2022-23","annual_tbo","Table5.csv","Probdesc"
"2022-23","annual_tbo","Table5.csv","arappts"
"2022-23","annual_tbo","Table5.csv","arcot"
"2022-23","annual_tbo","Table5.csv","armta"
"2022-23","annual_tbo","Table5.csv","bpdappts"
"2022-23","annual_tbo","Table5.csv","bpdcot"
"2022-23","annual_tbo","Table5.csv","bpdmta"
"2022-23","annual_tbo","Table5.csv","cbtappts"
"2022-23","annual_tbo","Table5.csv","cbtcot"
"2022-23","annual_tbo","Table5.csv","cbtmta"
"2022-23","annual_tbo","Table5.csv","collappts"
"2022-23","annual_tbo","Table5.csv","collcot"
"2022-23","annual_tbo","Table5.csv","collmta"
"2022-23","annual_tbo","Table5.csv","counappts"
"2022-23","annual_tbo","Table5.csv","councot"
"2022-23","annual_tbo","Table5.csv","counmta"
"2022-23","annual_tbo","Table5.csv","coupappts"
"2022-23","annual_tbo","Table5.csv","coupcot"
"2022-23","annual_tbo","Table5.csv","coupmta"
"2022-23","annual_tbo","Table5.csv","emdappts"
"2022-23","annual_tbo","Table5.csv","emdcot"
"2022-23","annual_tbo","Table5.csv","emdmta"
"2022-23","annual_tbo","Table5.csv","gshbappts"
"2022-23","annual_tbo","Table5.csv","gshbcot"
"2022-23","annual_tbo","Table5.csv","gshbmta"
"2022-23","annual_tbo","Table5.csv","gshcappts"
"2022-23","annual_tbo","Table5.csv","gshccot"
"2022-23","annual_tbo","Table5.csv","gshcmta"
"2022-23","annual_tbo","Table5.csv","iptappts"
"2022-23","annual_tbo","Table5.csv","iptcot"
"2022-23","annual_tbo","Table5.csv","iptmta"
"2022-23","annual_tbo","Table5.csv","mndappts"
"2022-23","annual_tbo","Table5.csv","mndcot"
"2022-23","annual_tbo","Table5.csv","mndmta"
"2022-23","annual_tbo","Table5.csv","ngshbappts"
"2022-23","annual_tbo","Table5.csv","ngshbcot"
"2022-23","annual_tbo","Table5.csv","ngshbmta"
"2022-23","annual_tbo","Table5.csv","ngshcappts"
"2022-23","annual_tbo","Table5.csv","ngshccot"
"2022-23","annual_tbo","Table5.csv","ngshcmta"
"2022-23","annual_tbo","Table5.csv","ppsappts"
"2022-23","annual_tbo","Table5.csv","ppscot"
"2022-23","annual_tbo","Table5.csv","ppsmta"
"2022-23","annual_tbo","Table5.csv","spaappts"
"2022-23","annual_tbo","Table5.csv","spacot"
"2022-23","annual_tbo","Table5.csv","spamta"
"2021-22","annual_tbo","Table1.csv","Count_1Therapy"
"2021-22","annual_tbo","Table1.csv","Count_2Therapies"
"2021-22","annual_tbo","Table1.csv","Count_3Therapies"
"2021-22","annual_tbo","Table1.csv","Count_4Therapies"
"2021-22","annual_tbo","Table1.csv","Therapy_Type"
"2021-22","annual_tbo","Table2.csv","Count_TherapyPosition1"
"2021-22","annual_tbo","Table2.csv","Count_TherapyPosition10"
"2021-22","annual_tbo","Table2.csv","Count_TherapyPosition2"
"2021-22","annual_tbo","Table2.csv","Count_TherapyPosition3"
"2021-22","annual_tbo","Table2.csv","Count_TherapyPosition4"
"2021-22","annual_tbo","Table2.csv","Count_TherapyPosition5"
"2021-22","annual_tbo","Table2.csv","Count_TherapyPosition6"
"2021-22","annual_tbo","Table2.csv","Count_TherapyPosition7"
"2021-22","annual_tbo","Table2.csv","Count_TherapyPosition8"
"2021-22","annual_tbo","Table2.csv","Count_TherapyPosition9"
"2021-22","annual_tbo","Table2.csv","OrganisationType"
"2021-22","annual_tbo","Table2.csv","TherapyType"
"2021-22","annual_tbo","Table3.csv","Count_Concurrent"
"2021-22","annual_tbo","Table3.csv","Count_Discrete"
"2021-22","annual_tbo","Table3.csv","OrganisationType"
"2021-22","annual_tbo","Table3.csv","Percentage_Concurrent"
"2021-22","annual_tbo","Table3.csv","Percentage_Discrete"
"2021-22","annual_tbo","Table3.csv","TherapyType"
"2021-22","annual_tbo","Table4_AllTherapies.csv","Count_CoursesOfTherapy"
"2021-22","annual_tbo","Table4_AllTherapies.csv","Count_NotCaseness"
"2021-22","annual_tbo","Table4_AllTherapies.csv","Count_TherDeterioration"
"2021-22","annual_tbo","Table4_AllTherapies.csv","Count_TherImprovement"
"2021-22","annual_tbo","Table4_AllTherapies.csv","Count_TherNoChange"
"2021-22","annual_tbo","Table4_AllTherapies.csv","Count_TherRecovery"
"2021-22","annual_tbo","Table4_AllTherapies.csv","Count_TherRelRecovery"
"2021-22","annual_tbo","Table4_AllTherapies.csv","Count_TotalFinishingCourseTreatment"
"2021-22","annual_tbo","Table4_AllTherapies.csv","Diagnosis"
"2021-22","annual_tbo","Table4_AllTherapies.csv","EffectGAD"
"2021-22","annual_tbo","Table4_AllTherapies.csv","EffectPHQ"
"2021-22","annual_tbo","Table4_AllTherapies.csv","EffectWSAS"
"2021-22","annual_tbo","Table4_AllTherapies.csv","End_GAD_Mean"
"2021-22","annual_tbo","Table4_AllTherapies.csv","End_GAD_StdDev"
"2021-22","annual_tbo","Table4_AllTherapies.csv","End_PHQ_Mean"
"2021-22","annual_tbo","Table4_AllTherapies.csv","End_PHQ_StdDev"
"2021-22","annual_tbo","Table4_AllTherapies.csv","End_WSAS_Mean"
"2021-22","annual_tbo","Table4_AllTherapies.csv","End_WSAS_StdDev"
"2021-22","annual_tbo","Table4_AllTherapies.csv","OrganisationCode"
"2021-22","annual_tbo","Table4_AllTherapies.csv","OrganisationName"
"2021-22","annual_tbo","Table4_AllTherapies.csv","OrganisationType"
"2021-22","annual_tbo","Table4_AllTherapies.csv","Percentage_TherDeterioration"
"2021-22","annual_tbo","Table4_AllTherapies.csv","Percentage_TherImprovement"
"2021-22","annual_tbo","Table4_AllTherapies.csv","Percentage_TherNoChange"
"2021-22","annual_tbo","Table4_AllTherapies.csv","Percentage_TherRecovery"
"2021-22","annual_tbo","Table4_AllTherapies.csv","Percentage_TherRelRecovery"
"2021-22","annual_tbo","Table4_AllTherapies.csv","Start_GAD_Mean"
"2021-22","annual_tbo","Table4_AllTherapies.csv","Start_GAD_StdDev"
"2021-22","annual_tbo","Table4_AllTherapies.csv","Start_PHQ_Mean"
"2021-22","annual_tbo","Table4_AllTherapies.csv","Start_PHQ_StdDev"
"2021-22","annual_tbo","Table4_AllTherapies.csv","Start_WSAS_Mean"
"2021-22","annual_tbo","Table4_AllTherapies.csv","Start_WSAS_StdDev"
"2021-22","annual_tbo","Table4_AllTherapies.csv","TherapyType"
"2021-22","annual_tbo","Table5.csv","Probdesc"
"2021-22","annual_tbo","Table5.csv","arappts"
"2021-22","annual_tbo","Table5.csv","arcot"
"2021-22","annual_tbo","Table5.csv","armta"
"2021-22","annual_tbo","Table5.csv","bpdappts"
"2021-22","annual_tbo","Table5.csv","bpdcot"
"2021-22","annual_tbo","Table5.csv","bpdmta"
"2021-22","annual_tbo","Table5.csv","cbtappts"
"2021-22","annual_tbo","Table5.csv","cbtcot"
"2021-22","annual_tbo","Table5.csv","cbtmta"
"2021-22","annual_tbo","Table5.csv","collappts"
"2021-22","annual_tbo","Table5.csv","collcot"
"2021-22","annual_tbo","Table5.csv","collmta"
"2021-22","annual_tbo","Table5.csv","counappts"
"2021-22","annual_tbo","Table5.csv","councot"
"2021-22","annual_tbo","Table5.csv","counmta"
"2021-22","annual_tbo","Table5.csv","coupappts"
"2021-22","annual_tbo","Table5.csv","coupcot"
"2021-22","annual_tbo","Table5.csv","coupmta"
"2021-22","annual_tbo","Table5.csv","emdappts"
"2021-22","annual_tbo","Table5.csv","emdcot"
"2021-22","annual_tbo","Table5.csv","emdmta"
"2021-22","annual_tbo","Table5.csv","gshbappts"
"2021-22","annual_tbo","Table5.csv","gshbcot"
"2021-22","annual_tbo","Table5.csv","gshbmta"
"2021-22","annual_tbo","Table5.csv","gshcappts"
"2021-22","annual_tbo","Table5.csv","gshccot"
"2021-22","annual_tbo","Table5.csv","gshcmta"
"2021-22","annual_tbo","Table5.csv","iptappts"
"2021-22","annual_tbo","Table5.csv","iptcot"
"2021-22","annual_tbo","Table5.csv","iptmta"
"2021-22","annual_tbo","Table5.csv","mndappts"
"2021-22","annual_tbo","Table5.csv","mndcot"
"2021-22","annual_tbo","Table5.csv","mndmta"
"2021-22","annual_tbo","Table5.csv","ngshbappts"
"2021-22","annual_tbo","Table5.csv","ngshbcot"
"2021-22","annual_tbo","Table5.csv","ngshbmta"
"2021-22","annual_tbo","Table5.csv","ngshcappts"
"2021-22","annual_tbo","Table5.csv","ngshccot"
"2021-22","annual_tbo","Table5.csv","ngshcmta"
"2021-22","annual_tbo","Table5.csv","ppsappts"
"2021-22","annual_tbo","Table5.csv","ppscot"
"2021-22","annual_tbo","Table5.csv","ppsmta"
"2021-22","annual_tbo","Table5.csv","spaappts"
"2021-22","annual_tbo","Table5.csv","spacot"
"2021-22","annual_tbo","Table5.csv","spamta"
"2020-21","annual_tbo","Table 1.csv","Count_1Therapy"
"2020-21","annual_tbo","Table 1.csv","Count_2Therapies"
"2020-21","annual_tbo","Table 1.csv","Count_3Therapies"
"2020-21","annual_tbo","Table 1.csv","Count_4Therapies"
"2020-21","annual_tbo","Table 1.csv","Organisation"
"2020-21","annual_tbo","Table 1.csv","Therapy_Type"
"2020-21","annual_tbo","Table2.csv","Count_TherapyPosition1"
"2020-21","annual_tbo","Table2.csv","Count_TherapyPosition10"
"2020-21","annual_tbo","Table2.csv","Count_TherapyPosition2"
"2020-21","annual_tbo","Table2.csv","Count_TherapyPosition3"
"2020-21","annual_tbo","Table2.csv","Count_TherapyPosition4"
"2020-21","annual_tbo","Table2.csv","Count_TherapyPosition5"
"2020-21","annual_tbo","Table2.csv","Count_TherapyPosition6"
"2020-21","annual_tbo","Table2.csv","Count_TherapyPosition7"
"2020-21","annual_tbo","Table2.csv","Count_TherapyPosition8"
"2020-21","annual_tbo","Table2.csv","Count_TherapyPosition9"
"2020-21","annual_tbo","Table2.csv","OrganisationType"
"2020-21","annual_tbo","Table2.csv","TherapyType"
"2020-21","annual_tbo","Table3.csv","Count_Concurrent"
"2020-21","annual_tbo","Table3.csv","Count_Discrete"
"2020-21","annual_tbo","Table3.csv","OrganisationType"
"2020-21","annual_tbo","Table3.csv","Percentage_Concurrent"
"2020-21","annual_tbo","Table3.csv","Percentage_Discrete"
"2020-21","annual_tbo","Table3.csv","TherapyType"
"2020-21","annual_tbo","Table4.csv","Count_CoursesOfTherapy"
"2020-21","annual_tbo","Table4.csv","Count_NotCaseness"
"2020-21","annual_tbo","Table4.csv","Count_TherDeterioration"
"2020-21","annual_tbo","Table4.csv","Count_TherImprovement"
"2020-21","annual_tbo","Table4.csv","Count_TherNoChange"
"2020-21","annual_tbo","Table4.csv","Count_TherRecovery"
"2020-21","annual_tbo","Table4.csv","Count_TherRelRecovery"
"2020-21","annual_tbo","Table4.csv","Count_TotalFinishingCourseTreatment"
"2020-21","annual_tbo","Table4.csv","Diagnosis"
"2020-21","annual_tbo","Table4.csv","EffectGAD"
"2020-21","annual_tbo","Table4.csv","EffectPHQ"
"2020-21","annual_tbo","Table4.csv","EffectWSAS"
"2020-21","annual_tbo","Table4.csv","End_GAD_Mean"
"2020-21","annual_tbo","Table4.csv","End_GAD_StdDev"
"2020-21","annual_tbo","Table4.csv","End_PHQ_Mean"
"2020-21","annual_tbo","Table4.csv","End_PHQ_StdDev"
"2020-21","annual_tbo","Table4.csv","End_WSAS_Mean"
"2020-21","annual_tbo","Table4.csv","End_WSAS_StdDev"
"2020-21","annual_tbo","Table4.csv","OrganisationCode"
"2020-21","annual_tbo","Table4.csv","OrganisationName"
"2020-21","annual_tbo","Table4.csv","OrganisationType"
"2020-21","annual_tbo","Table4.csv","Percentage_TherDeterioration"
"2020-21","annual_tbo","Table4.csv","Percentage_TherImprovement"
"2020-21","annual_tbo","Table4.csv","Percentage_TherNoChange"
"2020-21","annual_tbo","Table4.csv","Percentage_TherRecovery"
"2020-21","annual_tbo","Table4.csv","Percentage_TherRelRecovery"
"2020-21","annual_tbo","Table4.csv","Start_GAD_Mean"
"2020-21","annual_tbo","Table4.csv","Start_GAD_StdDev"
"2020-21","annual_tbo","Table4.csv","Start_PHQ_Mean"
"2020-21","annual_tbo","Table4.csv","Start_PHQ_StdDev"
"2020-21","annual_tbo","Table4.csv","Start_WSAS_Mean"
"2020-21","annual_tbo","Table4.csv","Start_WSAS_StdDev"
"2020-21","annual_tbo","Table4.csv","TherapyType"
"2020-21","annual_tbo","Table5.csv","Average_AppliedRelaxationAppts"
"2020-21","annual_tbo","Table5.csv","Average_BehaviouralActivationHIAppts"
"2020-21","annual_tbo","Table5.csv","Average_BehaviouralActivationLIAppts"
"2020-21","annual_tbo","Table5.csv","Average_BriefPsychodynamicPsychotherapyAppts"
"2020-21","annual_tbo","Table5.csv","Average_CognitiveBehaviourTherapyCBTAppts"
"2020-21","annual_tbo","Table5.csv","Average_CollaborativeCareAppts"
"2020-21","annual_tbo","Table5.csv","Average_CounsellingForDepressionAppts"
"2020-21","annual_tbo","Table5.csv","Average_CouplesTherapyForDepressionAppts"
"2020-21","annual_tbo","Table5.csv","Average_EyeMovementDesensitisationReprocessingAppts"
"2020-21","annual_tbo","Table5.csv","Average_GuidedSelfHelpBookAppts"
"2020-21","annual_tbo","Table5.csv","Average_GuidedSelfHelpComputerAppts"
"2020-21","annual_tbo","Table5.csv","Average_InterpersonalPsychoTherapyIPTAppts"
"2020-21","annual_tbo","Table5.csv","Average_MindfulnessAppts"
"2020-21","annual_tbo","Table5.csv","Average_NonGuidedSelfHelpBookAppts"
"2020-21","annual_tbo","Table5.csv","Average_NonGuidedSelfHelpComputerAppts"
"2020-21","annual_tbo","Table5.csv","Average_PsychoeducationalPeerSupportAppts"
"2020-21","annual_tbo","Table5.csv","Average_StructuredPhysicalActivityAppts"
"2020-21","annual_tbo","Table5.csv","Count_TotalAppliedRelaxationAppts"
"2020-21","annual_tbo","Table5.csv","Count_TotalAppliedRelaxationReferrals"
"2020-21","annual_tbo","Table5.csv","Count_TotalBehaviouralActivationHIAppts"
"2020-21","annual_tbo","Table5.csv","Count_TotalBehaviouralActivationHIReferrals"
"2020-21","annual_tbo","Table5.csv","Count_TotalBehaviouralActivationLIAppts"
"2020-21","annual_tbo","Table5.csv","Count_TotalBehaviouralActivationLIReferrals"
"2020-21","annual_tbo","Table5.csv","Count_TotalBriefPsychodynamicPsychotherapyAppts"
"2020-21","annual_tbo","Table5.csv","Count_TotalBriefPsychodynamicPsychotherapyReferrals"
"2020-21","annual_tbo","Table5.csv","Count_TotalCognitiveBehaviourTherapyCBTAppts"
"2020-21","annual_tbo","Table5.csv","Count_TotalCognitiveBehaviourTherapyCBTReferrals"
"2020-21","annual_tbo","Table5.csv","Count_TotalCollaborativeCareAppts"
"2020-21","annual_tbo","Table5.csv","Count_TotalCollaborativeCareReferrals"
"2020-21","annual_tbo","Table5.csv","Count_TotalCounsellingForDepressionAppts"
"2020-21","annual_tbo","Table5.csv","Count_TotalCounsellingForDepressionReferrals"
"2020-21","annual_tbo","Table5.csv","Count_TotalCouplesTherapyForDepressionAppts"
"2020-21","annual_tbo","Table5.csv","Count_TotalCouplesTherapyForDepressionReferrals"
"2020-21","annual_tbo","Table5.csv","Count_TotalEyeMovementDesensitisationReprocessingAppts"
"2020-21","annual_tbo","Table5.csv","Count_TotalEyeMovementDesensitisationReprocessingReferrals"
"2020-21","annual_tbo","Table5.csv","Count_TotalGuidedSelfHelpBookAppts"
"2020-21","annual_tbo","Table5.csv","Count_TotalGuidedSelfHelpBookReferrals"
"2020-21","annual_tbo","Table5.csv","Count_TotalGuidedSelfHelpComputerAppts"
"2020-21","annual_tbo","Table5.csv","Count_TotalGuidedSelfHelpComputerReferrals"
"2020-21","annual_tbo","Table5.csv","Count_TotalInterpersonalPsychoTherapyIPTAppts"
"2020-21","annual_tbo","Table5.csv","Count_TotalInterpersonalPsychoTherapyIPTReferrals"
"2020-21","annual_tbo","Table5.csv","Count_TotalMindfulnessAppts"
"2020-21","annual_tbo","Table5.csv","Count_TotalMindfulnessReferrals"
"2020-21","annual_tbo","Table5.csv","Count_TotalNonGuidedSelfHelpBookAppts"
"2020-21","annual_tbo","Table5.csv","Count_TotalNonGuidedSelfHelpBookReferrals"
"2020-21","annual_tbo","Table5.csv","Count_TotalNonGuidedSelfHelpComputerAppts"
"2020-21","annual_tbo","Table5.csv","Count_TotalNonGuidedSelfHelpComputerReferrals"
"2020-21","annual_tbo","Table5.csv","Count_TotalPsychoeducationalPeerSupportAppts"
"2020-21","annual_tbo","Table5.csv","Count_TotalPsychoeducationalPeerSupportReferrals"
"2020-21","annual_tbo","Table5.csv","Count_TotalStructuredPhysicalActivityAppts"
"2020-21","annual_tbo","Table5.csv","Count_TotalStructuredPhysicalActivityReferrals"
"2020-21","annual_tbo","Table5.csv","Diagnosis"
"2020-21","annual_tbo","Table5.csv","OrganisationType"
